{
  "mappings": {
    "nonamecrackers2/crackerslib/mixin/MixinGameRendererAccessor": {
      "zoom": "f_109077_:F",
      "zoomY": "f_109079_:F",
      "zoomX": "f_109078_:F",
      "getFov": "m_109141_(Lnet/minecraft/client/Camera;FZ)D"
    },
    "nonamecrackers2/crackerslib/mixin/MixinBlockEntityType": {
      "validBlocks": "f_58915_:Ljava/util/Set;"
    }
  },
  "data": {
    "searge": {
      "nonamecrackers2/crackerslib/mixin/MixinGameRendererAccessor": {
        "zoom": "f_109077_:F",
        "zoomY": "f_109079_:F",
        "zoomX": "f_109078_:F",
        "getFov": "m_109141_(Lnet/minecraft/client/Camera;FZ)D"
      },
      "nonamecrackers2/crackerslib/mixin/MixinBlockEntityType": {
        "validBlocks": "f_58915_:Ljava/util/Set;"
      }
    }
  }
}